CustomerID,Recency,RecencyCluster,Frequency,FrequencyCluster,Revenue,RevenueCluster,OverallScore,m6_Revenue,LTVCluster,Segment_High-Value,Segment_Low-Value,Segment_Mid-Value
15643,65,1,12,0,318.6,0,1,318.6,0,FALSE,TRUE,FALSE
13662,63,1,2,0,-7.9,0,1,-7.9,0,FALSE,TRUE,FALSE
12947,63,1,17,0,329.47,0,1,329.47,0,FALSE,TRUE,FALSE
13742,65,1,30,0,513.54,0,1,656.44,0,FALSE,TRUE,FALSE
14232,63,1,15,0,309.95,0,1,308.3,0,FALSE,TRUE,FALSE
14475,65,1,13,0,310.64,0,1,310.64,0,FALSE,TRUE,FALSE
14745,65,1,24,0,341.07,0,1,341.07,0,FALSE,TRUE,FALSE
15743,65,1,18,0,322.55,0,1,460.11,0,FALSE,TRUE,FALSE
16955,65,1,10,0,163.69,0,1,163.69,0,FALSE,TRUE,FALSE
17409,65,1,8,0,511.3,0,1,511.3,0,FALSE,TRUE,FALSE
18221,65,1,15,0,302.54,0,1,474.34,0,FALSE,TRUE,FALSE
17414,65,1,5,0,598,0,1,598,0,FALSE,TRUE,FALSE
15382,65,1,31,0,539.1,0,1,539.1,0,FALSE,TRUE,FALSE
14622,65,1,21,0,320.58,0,1,320.58,0,FALSE,TRUE,FALSE
14078,65,1,13,0,243.93,0,1,243.93,0,FALSE,TRUE,FALSE
15609,63,1,18,0,270.03,0,1,270.03,0,FALSE,TRUE,FALSE
14561,65,1,16,0,222.07,0,1,222.07,0,FALSE,TRUE,FALSE
14477,65,1,2,0,358,0,1,358,0,FALSE,TRUE,FALSE
13630,65,1,9,0,320.92,0,1,314.62,0,FALSE,TRUE,FALSE
14829,65,1,8,0,146.3,0,1,312.22,0,FALSE,TRUE,FALSE
16872,65,1,3,0,388.36,0,1,388.36,0,FALSE,TRUE,FALSE
17873,65,1,8,0,396.14,0,1,396.14,0,FALSE,TRUE,FALSE
15974,65,1,29,0,481.36,0,1,829.24,0,FALSE,TRUE,FALSE
16358,63,1,23,0,459.6,0,1,919.39,0,FALSE,TRUE,FALSE
17491,65,1,5,0,135,0,1,936.68,0,FALSE,TRUE,FALSE
15809,65,1,1,0,15.9,0,1,15.9,0,FALSE,TRUE,FALSE
16832,65,1,1,0,62.5,0,1,62.5,0,FALSE,TRUE,FALSE
15238,65,1,14,0,300.14,0,1,1071.99,0,FALSE,TRUE,FALSE
13875,65,1,22,0,384.2,0,1,384.2,0,FALSE,TRUE,FALSE
13466,65,1,17,0,307.9,0,1,307.9,0,FALSE,TRUE,FALSE
13741,64,1,12,0,200.17,0,1,200.17,0,FALSE,TRUE,FALSE
13856,64,1,3,0,124.6,0,1,124.6,0,FALSE,TRUE,FALSE
13265,64,1,21,0,340.78,0,1,677.42,0,FALSE,TRUE,FALSE
15214,64,1,11,0,136.7,0,1,424.5,0,FALSE,TRUE,FALSE
15855,64,1,20,0,132.18,0,1,132.18,0,FALSE,TRUE,FALSE
13038,64,1,7,0,196.66,0,1,196.66,0,FALSE,TRUE,FALSE
14231,64,1,12,0,307.76,0,1,307.76,0,FALSE,TRUE,FALSE
15407,64,1,13,0,410.87,0,1,726.58,0,FALSE,TRUE,FALSE
16892,64,1,20,0,102.98,0,1,240.02,0,FALSE,TRUE,FALSE
13134,64,1,21,0,360.04,0,1,360.04,0,FALSE,TRUE,FALSE
16592,64,1,16,0,368.15,0,1,654,0,FALSE,TRUE,FALSE
14241,64,1,10,0,213.7,0,1,213.7,0,FALSE,TRUE,FALSE
15296,64,1,15,0,299.78,0,1,299.78,0,FALSE,TRUE,FALSE
15780,64,1,4,0,72.52,0,1,72.52,0,FALSE,TRUE,FALSE
14501,64,1,6,0,184.28,0,1,123.38,0,FALSE,TRUE,FALSE
18065,64,1,16,0,264.42,0,1,264.42,0,FALSE,TRUE,FALSE
16170,64,1,21,0,319.29,0,1,319.29,0,FALSE,TRUE,FALSE
17169,64,1,18,0,308.68,0,1,308.68,0,FALSE,TRUE,FALSE
15827,64,1,13,0,203.98,0,1,203.98,0,FALSE,TRUE,FALSE
17372,64,1,19,0,128.76,0,1,285.37,0,FALSE,TRUE,FALSE
14913,64,1,20,0,301.32,0,1,611.6,0,FALSE,TRUE,FALSE
15252,64,1,14,0,300.55,0,1,740.78,0,FALSE,TRUE,FALSE
17402,64,1,6,0,226.28,0,1,539.18,0,FALSE,TRUE,FALSE
13397,64,1,12,0,378.7,0,1,378.7,0,FALSE,TRUE,FALSE
15712,64,1,9,0,158.85,0,1,158.85,0,FALSE,TRUE,FALSE
18041,64,1,7,0,105,0,1,225,0,FALSE,TRUE,FALSE
15867,64,1,28,0,302.72,0,1,302.72,0,FALSE,TRUE,FALSE
16113,64,1,30,0,161.38,0,1,161.38,0,FALSE,TRUE,FALSE
15681,64,1,15,0,357.54,0,1,837.34,0,FALSE,TRUE,FALSE
14309,63,1,15,0,196.68,0,1,849.32,0,FALSE,TRUE,FALSE
13900,63,1,1,0,8.5,0,1,8.5,0,FALSE,TRUE,FALSE
13317,63,1,7,0,-82.9,0,1,864.3,0,FALSE,TRUE,FALSE
17483,63,1,7,0,155.1,0,1,294.4,0,FALSE,TRUE,FALSE
13462,63,1,1,0,-8.25,0,1,-8.25,0,FALSE,TRUE,FALSE
17115,63,1,14,0,302.8,0,1,302.8,0,FALSE,TRUE,FALSE
13686,63,1,8,0,72,0,1,72,0,FALSE,TRUE,FALSE
17088,63,1,22,0,383.28,0,1,622.56,0,FALSE,TRUE,FALSE
17064,63,1,20,0,313.45,0,1,711.5,0,FALSE,TRUE,FALSE
12840,63,1,16,0,572.8,0,1,572.8,0,FALSE,TRUE,FALSE
17819,63,1,6,0,599.45,0,1,599.45,0,FALSE,TRUE,FALSE
14287,63,1,2,0,-25.4,0,1,-25.4,0,FALSE,TRUE,FALSE
17234,63,1,14,0,149.89,0,1,149.89,0,FALSE,TRUE,FALSE
14573,63,1,13,0,157.76,0,1,157.76,0,FALSE,TRUE,FALSE
16614,63,1,26,0,506.19,0,1,506.19,0,FALSE,TRUE,FALSE
16668,63,1,3,0,74.16,0,1,74.16,0,FALSE,TRUE,FALSE
16005,63,1,26,0,120.49,0,1,120.49,0,FALSE,TRUE,FALSE
15527,63,1,24,0,247.25,0,1,1101.79,0,FALSE,TRUE,FALSE
14178,63,1,29,0,197.37,0,1,823.44,0,FALSE,TRUE,FALSE
16184,63,1,10,0,299.67,0,1,472.66,0,FALSE,TRUE,FALSE
14077,63,1,8,0,110.79,0,1,110.79,0,FALSE,TRUE,FALSE
15098,63,1,5,0,649.5,0,1,649.5,0,FALSE,TRUE,FALSE
15491,62,1,1,0,-9.24,0,1,289.92,0,FALSE,TRUE,FALSE
14276,61,1,24,0,379.2,0,1,754.49,0,FALSE,TRUE,FALSE
14450,61,1,17,0,213.8,0,1,213.8,0,FALSE,TRUE,FALSE
18281,61,1,7,0,80.82,0,1,80.82,0,FALSE,TRUE,FALSE
14984,61,1,17,0,110.18,0,1,110.18,0,FALSE,TRUE,FALSE
13232,61,1,18,0,186.55,0,1,356.4,0,FALSE,TRUE,FALSE
14878,61,1,9,0,111.03,0,1,254.01,0,FALSE,TRUE,FALSE
16466,61,1,12,0,198.77,0,1,440.63,0,FALSE,TRUE,FALSE
16633,61,1,15,0,255.8,0,1,255.8,0,FALSE,TRUE,FALSE
17175,61,1,13,0,302.62,0,1,302.62,0,FALSE,TRUE,FALSE
16983,61,1,20,0,262.88,0,1,567.96,0,FALSE,TRUE,FALSE
13617,61,1,13,0,131.11,0,1,131.11,0,FALSE,TRUE,FALSE
16115,61,1,27,0,147.76,0,1,147.76,0,FALSE,TRUE,FALSE
17242,61,1,29,0,709.44,0,1,709.44,0,FALSE,TRUE,FALSE
14823,61,1,24,0,110.78,0,1,110.78,0,FALSE,TRUE,FALSE
17211,61,1,17,0,210.95,0,1,210.95,0,FALSE,TRUE,FALSE
17422,61,1,32,0,375.04,0,1,777.83,0,FALSE,TRUE,FALSE
16018,61,1,15,0,161.9,0,1,161.9,0,FALSE,TRUE,FALSE
14704,61,1,30,0,110.12,0,1,110.12,0,FALSE,TRUE,FALSE
15939,61,1,8,0,587.52,0,1,842.28,0,FALSE,TRUE,FALSE
15124,72,0,9,0,90.75,0,0,90.75,0,FALSE,TRUE,FALSE
15240,72,0,20,0,416.28,0,0,416.28,0,FALSE,TRUE,FALSE
17739,72,0,1,0,-5.3,0,0,783.84,0,FALSE,TRUE,FALSE
15916,72,0,9,0,113.35,0,0,467.08,0,FALSE,TRUE,FALSE
16969,72,0,27,0,397.36,0,0,397.36,0,FALSE,TRUE,FALSE
14597,72,0,3,0,165.1,0,0,165.1,0,FALSE,TRUE,FALSE
13917,72,0,5,0,65.38,0,0,65.38,0,FALSE,TRUE,FALSE
14515,72,0,14,0,340.25,0,0,923.67,0,FALSE,TRUE,FALSE
14377,72,0,7,0,302.45,0,0,302.45,0,FALSE,TRUE,FALSE
16424,72,0,5,0,133.56,0,0,133.56,0,FALSE,TRUE,FALSE
13475,72,0,7,0,153.3,0,0,153.3,0,FALSE,TRUE,FALSE
14800,72,0,30,0,198.46,0,0,194.69,0,FALSE,TRUE,FALSE
17682,72,0,1,0,-15,0,0,-15,0,FALSE,TRUE,FALSE
13062,72,0,11,0,346.98,0,0,346.98,0,FALSE,TRUE,FALSE
12987,72,0,2,0,-13.7,0,0,-13.7,0,FALSE,TRUE,FALSE
17820,72,0,2,0,-7.1,0,0,-7.1,0,FALSE,TRUE,FALSE
14740,72,0,4,0,-25,0,0,-25,0,FALSE,TRUE,FALSE
17621,72,0,1,0,-43.8,0,0,-43.8,0,FALSE,TRUE,FALSE
12909,72,0,1,0,-14.85,0,0,-14.85,0,FALSE,TRUE,FALSE
15611,72,0,3,0,100.6,0,0,93.44,0,FALSE,TRUE,FALSE
16359,72,0,1,0,-28.75,0,0,364.61,0,FALSE,TRUE,FALSE
18257,72,0,2,0,-13.2,0,0,519.18,0,FALSE,TRUE,FALSE
15140,72,0,1,0,-4.25,0,0,-4.25,0,FALSE,TRUE,FALSE
16496,72,0,2,0,-37.3,0,0,-37.3,0,FALSE,TRUE,FALSE
17162,66,0,19,0,337.72,0,0,589.52,0,FALSE,TRUE,FALSE
16484,70,0,19,0,260.8,0,0,260.8,0,FALSE,TRUE,FALSE
16449,71,0,3,0,-33,0,0,-33,0,FALSE,TRUE,FALSE
15622,71,0,1,0,-5.75,0,0,-5.75,0,FALSE,TRUE,FALSE
14323,71,0,1,0,-17.7,0,0,-17.7,0,FALSE,TRUE,FALSE
15918,71,0,18,0,192.23,0,0,192.23,0,FALSE,TRUE,FALSE
17578,71,0,1,0,-18.72,0,0,-18.72,0,FALSE,TRUE,FALSE
15184,71,0,20,0,235.23,0,0,406.76,0,FALSE,TRUE,FALSE
16566,71,0,1,0,-0.65,0,0,-0.65,0,FALSE,TRUE,FALSE
15841,71,0,1,0,-9.96,0,0,-14.96,0,FALSE,TRUE,FALSE
18135,71,0,10,0,109.82,0,0,558.26,0,FALSE,TRUE,FALSE
13308,71,0,3,0,-17.9,0,0,-17.9,0,FALSE,TRUE,FALSE
14453,71,0,22,0,119.93,0,0,119.93,0,FALSE,TRUE,FALSE
15791,71,0,1,0,-8.25,0,0,-8.25,0,FALSE,TRUE,FALSE
17900,71,0,6,0,112.2,0,0,112.2,0,FALSE,TRUE,FALSE
15658,71,0,1,0,7.5,0,0,7.5,0,FALSE,TRUE,FALSE
16529,70,0,30,0,455.25,0,0,455.25,0,FALSE,TRUE,FALSE
17375,70,0,2,0,-27.6,0,0,-27.6,0,FALSE,TRUE,FALSE
13294,70,0,22,0,390.09,0,0,390.09,0,FALSE,TRUE,FALSE
16239,70,0,15,0,347.9,0,0,347.9,0,FALSE,TRUE,FALSE
16230,70,0,16,0,266.1,0,0,266.1,0,FALSE,TRUE,FALSE
14500,70,0,5,0,284.85,0,0,305.85,0,FALSE,TRUE,FALSE
16117,70,0,30,0,232.21,0,0,232.21,0,FALSE,TRUE,FALSE
16593,70,0,20,0,185.9,0,0,185.9,0,FALSE,TRUE,FALSE
17722,70,0,19,0,357.3,0,0,680.46,0,FALSE,TRUE,FALSE
16967,70,0,21,0,319.02,0,0,319.02,0,FALSE,TRUE,FALSE
15737,67,0,19,0,187.85,0,0,187.85,0,FALSE,TRUE,FALSE
17068,70,0,15,0,312.75,0,0,678.9,0,FALSE,TRUE,FALSE
15405,70,0,8,0,349.1,0,0,349.1,0,FALSE,TRUE,FALSE
16659,70,0,2,0,39.12,0,0,39.12,0,FALSE,TRUE,FALSE
13885,70,0,5,0,107.65,0,0,107.65,0,FALSE,TRUE,FALSE
17708,68,0,9,0,156.48,0,0,156.48,0,FALSE,TRUE,FALSE
13131,68,0,14,0,324.9,0,0,290.9,0,FALSE,TRUE,FALSE
14891,68,0,27,0,449.38,0,0,449.38,0,FALSE,TRUE,FALSE
15038,68,0,29,0,116.09,0,0,304.13,0,FALSE,TRUE,FALSE
15796,67,0,15,0,231.13,0,0,231.13,0,FALSE,TRUE,FALSE
14682,68,0,1,0,31.2,0,0,31.2,0,FALSE,TRUE,FALSE
14512,68,0,9,0,148.96,0,0,148.96,0,FALSE,TRUE,FALSE
13668,68,0,29,0,302.81,0,0,453.73,0,FALSE,TRUE,FALSE
16883,68,0,21,0,148.7,0,0,148.7,0,FALSE,TRUE,FALSE
13637,68,0,29,0,262.25,0,0,262.25,0,FALSE,TRUE,FALSE
15245,68,0,16,0,486.24,0,0,486.24,0,FALSE,TRUE,FALSE
13610,68,0,29,0,124.65,0,0,124.65,0,FALSE,TRUE,FALSE
16963,68,0,7,0,110.55,0,0,110.55,0,FALSE,TRUE,FALSE
15704,68,0,27,0,568.47,0,0,568.47,0,FALSE,TRUE,FALSE
13682,68,0,3,0,59.5,0,0,59.5,0,FALSE,TRUE,FALSE
16654,68,0,1,0,35.4,0,0,35.4,0,FALSE,TRUE,FALSE
14659,68,0,25,0,216.63,0,0,529.18,0,FALSE,TRUE,FALSE
15462,68,0,5,0,105,0,0,169.8,0,FALSE,TRUE,FALSE
14466,68,0,10,0,310.05,0,0,796.8,0,FALSE,TRUE,FALSE
13410,68,0,2,0,140.4,0,0,140.4,0,FALSE,TRUE,FALSE
13983,68,0,6,0,135.69,0,0,647.05,0,FALSE,TRUE,FALSE
13865,67,0,10,0,159.22,0,0,277.44,0,FALSE,TRUE,FALSE
14312,67,0,16,0,260.57,0,0,453.17,0,FALSE,TRUE,FALSE
16906,67,0,6,0,181.3,0,0,181.3,0,FALSE,TRUE,FALSE
15687,66,0,15,0,275.35,0,0,837.08,0,FALSE,TRUE,FALSE
16849,67,0,8,0,124.57,0,0,124.57,0,FALSE,TRUE,FALSE
14215,67,0,11,0,176.16,0,0,176.16,0,FALSE,TRUE,FALSE
16298,67,0,7,0,114.3,0,0,114.3,0,FALSE,TRUE,FALSE
13880,67,0,17,0,312.94,0,0,312.94,0,FALSE,TRUE,FALSE
15095,67,0,2,0,-5.9,0,0,-5.9,0,FALSE,TRUE,FALSE
17190,67,0,1,0,-195,0,0,54.74,0,FALSE,TRUE,FALSE
15852,67,0,1,0,57.5,0,0,57.5,0,FALSE,TRUE,FALSE
16235,67,0,17,0,320.83,0,0,320.83,0,FALSE,TRUE,FALSE
15281,67,0,3,0,-27.9,0,0,112.47,0,FALSE,TRUE,FALSE
15805,66,0,11,0,200.64,0,0,652.95,0,FALSE,TRUE,FALSE
15260,67,0,16,0,387.88,0,0,387.88,0,FALSE,TRUE,FALSE
14732,67,0,23,0,302.72,0,0,922.8,0,FALSE,TRUE,FALSE
18016,67,0,18,0,164.01,0,0,534.26,0,FALSE,TRUE,FALSE
14135,67,0,6,0,320.2,0,0,1053.29,0,FALSE,TRUE,FALSE
12957,67,0,28,0,586.52,0,0,573.77,0,FALSE,TRUE,FALSE
15386,67,0,31,0,394.14,0,0,394.14,0,FALSE,TRUE,FALSE
17361,67,0,16,0,218.92,0,0,218.92,0,FALSE,TRUE,FALSE
14498,67,0,14,0,147.02,0,0,147.02,0,FALSE,TRUE,FALSE
14201,67,0,3,0,46.84,0,0,167.14,0,FALSE,TRUE,FALSE
15379,67,0,19,0,309.38,0,0,309.38,0,FALSE,TRUE,FALSE
16611,67,0,10,0,129.49,0,0,129.49,0,FALSE,TRUE,FALSE
14625,66,0,2,0,-13.5,0,0,-13.5,0,FALSE,TRUE,FALSE
16655,66,0,19,0,418.45,0,0,1032.13,0,FALSE,TRUE,FALSE
14542,66,0,5,0,103.25,0,0,103.25,0,FALSE,TRUE,FALSE
16153,66,0,16,0,298.19,0,0,298.19,0,FALSE,TRUE,FALSE
16825,66,0,11,0,318.7,0,0,775.18,0,FALSE,TRUE,FALSE
16817,66,0,13,0,230.18,0,0,438.17,0,FALSE,TRUE,FALSE
16949,66,0,10,0,388,0,0,388,0,FALSE,TRUE,FALSE
12868,66,0,14,0,248.06,0,0,248.06,0,FALSE,TRUE,FALSE
16462,66,0,1,0,34,0,0,0,0,FALSE,TRUE,FALSE
13220,66,0,1,0,166.8,0,0,166.8,0,FALSE,TRUE,FALSE
14867,66,0,5,0,96.14,0,0,96.14,0,FALSE,TRUE,FALSE
13643,66,0,6,0,87.9,0,0,519.44,0,FALSE,TRUE,FALSE
13784,66,0,2,0,255.96,0,0,411.48,0,FALSE,TRUE,FALSE
13330,66,0,14,0,392.4,0,0,805.11,0,FALSE,TRUE,FALSE
15969,66,0,10,0,308.7,0,0,308.7,0,FALSE,TRUE,FALSE
12891,66,0,1,0,85,0,0,85,0,FALSE,TRUE,FALSE
16092,66,0,1,0,-8.5,0,0,-38.5,0,FALSE,TRUE,FALSE
13283,66,0,2,0,25.5,0,0,93.66,0,FALSE,TRUE,FALSE
17874,66,0,6,0,122.76,0,0,122.76,0,FALSE,TRUE,FALSE
14880,66,0,18,0,234.07,0,0,234.07,0,FALSE,TRUE,FALSE
16081,66,0,21,0,424.24,0,0,424.24,0,FALSE,TRUE,FALSE
17124,66,0,32,0,298.89,0,0,298.89,0,FALSE,TRUE,FALSE
17987,66,0,13,0,198.57,0,0,198.57,0,FALSE,TRUE,FALSE
16763,66,0,1,0,-16.95,0,0,-16.95,0,FALSE,TRUE,FALSE
12990,66,0,4,0,166.4,0,0,312,0,FALSE,TRUE,FALSE
17026,66,0,1,0,121.68,0,0,121.68,0,FALSE,TRUE,FALSE
16841,66,0,16,0,306.68,0,0,615.44,0,FALSE,TRUE,FALSE
17707,66,0,2,0,68.7,0,0,68.7,0,FALSE,TRUE,FALSE
13395,66,0,21,0,307.72,0,0,307.72,0,FALSE,TRUE,FALSE
15799,66,0,15,0,161.02,0,0,161.02,0,FALSE,TRUE,FALSE
16218,66,0,6,0,-29.81,0,0,419.39,0,FALSE,TRUE,FALSE
14292,66,0,1,0,-4.95,0,0,547.09,0,FALSE,TRUE,FALSE
13476,66,0,1,0,-125,0,0,-125,0,FALSE,TRUE,FALSE
14227,66,0,1,0,-2.1,0,0,-2.1,0,FALSE,TRUE,FALSE
14958,66,0,16,0,181.63,0,0,181.63,0,FALSE,TRUE,FALSE
17854,66,0,3,0,199.5,0,0,199.5,0,FALSE,TRUE,FALSE
15449,66,0,17,0,301.78,0,0,301.78,0,FALSE,TRUE,FALSE
13094,10,3,11,0,393.18,0,3,393.18,0,FALSE,FALSE,TRUE
14315,10,3,22,0,652.35,0,3,652.35,0,FALSE,FALSE,TRUE
15955,1,3,26,0,525.54,0,3,971.87,0,FALSE,FALSE,TRUE
14543,7,3,9,0,399.95,0,3,728.53,0,FALSE,FALSE,TRUE
17531,1,3,15,0,293.45,0,3,293.45,0,FALSE,FALSE,TRUE
13248,5,3,26,0,465.68,0,3,465.68,0,FALSE,FALSE,TRUE
13435,7,3,30,0,694.98,0,3,694.98,0,FALSE,FALSE,TRUE
16458,4,3,29,0,421.1,0,3,995.62,0,FALSE,FALSE,TRUE
17644,1,3,19,0,298.8,0,3,711.61,0,FALSE,FALSE,TRUE
16209,0,3,28,0,474.75,0,3,620.47,0,FALSE,FALSE,TRUE
18236,10,3,28,0,517.99,0,3,626.49,0,FALSE,FALSE,TRUE
13552,4,3,22,0,354.53,0,3,780.05,0,FALSE,FALSE,TRUE
14462,1,3,25,0,437.14,0,3,735.06,0,FALSE,FALSE,TRUE
14180,3,3,23,0,421.3,0,3,749.65,0,FALSE,FALSE,TRUE
17429,1,3,25,0,325.26,0,3,325.26,0,FALSE,FALSE,TRUE
16098,8,3,28,0,702.19,0,3,702.19,0,FALSE,FALSE,TRUE
17659,9,3,22,0,345.42,0,3,654.28,0,FALSE,FALSE,TRUE
14191,2,3,29,0,713.05,0,3,1007.63,0,FALSE,FALSE,TRUE
13752,5,3,20,0,461.61,0,3,461.61,0,FALSE,FALSE,TRUE
12901,4,3,6,0,107.4,0,3,413.4,0,FALSE,FALSE,TRUE
15400,9,3,5,0,197.9,0,3,302.9,0,FALSE,FALSE,TRUE
13162,3,3,20,0,386.6,0,3,386.6,0,FALSE,FALSE,TRUE
15241,8,3,28,0,379.46,0,3,724.38,0,FALSE,FALSE,TRUE
14060,11,3,27,0,649.14,0,3,649.14,0,FALSE,FALSE,TRUE
13538,1,3,7,0,292.05,0,3,391.05,0,FALSE,FALSE,TRUE
17961,4,3,19,0,93.59,0,3,109.44,0,FALSE,FALSE,TRUE
15058,5,3,32,0,504.9,0,3,504.9,0,FALSE,FALSE,TRUE
13213,9,3,28,0,548.6,0,3,548.6,0,FALSE,FALSE,TRUE
15299,4,3,2,0,-648,0,3,824,0,FALSE,FALSE,TRUE
15411,5,3,22,0,382.21,0,3,382.21,0,FALSE,FALSE,TRUE
14397,7,3,5,0,143.16,0,3,810.46,0,FALSE,FALSE,TRUE
15271,10,3,22,0,349.2,0,3,643.82,0,FALSE,FALSE,TRUE
13450,5,3,22,0,742.92,0,3,1048.74,0,FALSE,FALSE,TRUE
16570,8,3,11,0,276.32,0,3,712.14,0,FALSE,FALSE,TRUE
16775,3,3,21,0,221.33,0,3,221.33,0,FALSE,FALSE,TRUE
14053,5,3,4,0,260.25,0,3,260.25,0,FALSE,FALSE,TRUE
16316,10,3,3,0,-105.08,0,3,621.02,0,FALSE,FALSE,TRUE
15985,4,3,11,0,137.84,0,3,137.84,0,FALSE,FALSE,TRUE
17562,2,3,13,0,235.3,0,3,235.3,0,FALSE,FALSE,TRUE
13217,3,3,4,0,-259.94,0,3,-259.94,0,FALSE,FALSE,TRUE
17293,0,3,26,0,397.68,0,3,961.29,0,FALSE,FALSE,TRUE
16814,11,3,32,0,558.78,0,3,675.1,0,FALSE,FALSE,TRUE
16929,8,3,28,0,428.88,0,3,534.66,0,FALSE,FALSE,TRUE
13984,7,3,3,0,-330.38,0,3,-330.38,0,FALSE,FALSE,TRUE
17512,2,3,28,0,589.48,0,3,1041.16,0,FALSE,FALSE,TRUE
13769,3,3,15,0,279.48,0,3,1026.14,0,FALSE,FALSE,TRUE
16174,7,3,21,0,626.35,0,3,626.35,0,FALSE,FALSE,TRUE
16609,3,3,22,0,343.99,0,3,343.99,0,FALSE,FALSE,TRUE
16365,4,3,20,0,198.15,0,3,479.36,0,FALSE,FALSE,TRUE
17941,11,3,2,0,304.56,0,3,304.56,0,FALSE,FALSE,TRUE
14947,11,3,10,0,178.5,0,3,178.5,0,FALSE,FALSE,TRUE
14239,11,3,6,0,120.5,0,3,585.85,0,FALSE,FALSE,TRUE
15625,9,3,9,0,297.84,0,3,297.84,0,FALSE,FALSE,TRUE
17053,9,3,14,0,496.38,0,3,496.38,0,FALSE,FALSE,TRUE
17676,7,3,15,0,199.16,0,3,508.4,0,FALSE,FALSE,TRUE
13167,11,3,23,0,174.64,0,3,416.76,0,FALSE,FALSE,TRUE
16551,11,3,11,0,306.1,0,3,611.05,0,FALSE,FALSE,TRUE
14403,11,3,1,0,204,0,3,204,0,FALSE,FALSE,TRUE
12844,11,3,28,0,174.88,0,3,325.96,0,FALSE,FALSE,TRUE
14567,11,3,13,0,800.76,0,3,794.86,0,FALSE,FALSE,TRUE
14341,11,3,18,0,321.29,0,3,321.29,0,FALSE,FALSE,TRUE
17615,11,3,3,0,57.3,0,3,57.3,0,FALSE,FALSE,TRUE
14738,11,3,1,0,-4.56,0,3,322.25,0,FALSE,FALSE,TRUE
17282,11,3,5,0,687,0,3,687,0,FALSE,FALSE,TRUE
16774,11,3,1,0,-6.6,0,3,112.72,0,FALSE,FALSE,TRUE
16172,11,3,11,0,249,0,3,588.86,0,FALSE,FALSE,TRUE
12828,11,3,12,0,227,0,3,550.11,0,FALSE,FALSE,TRUE
15410,10,3,14,0,340.74,0,3,727.48,0,FALSE,FALSE,TRUE
15187,10,3,1,0,99.6,0,3,660.94,0,FALSE,FALSE,TRUE
13023,10,3,20,0,336.4,0,3,689.9,0,FALSE,FALSE,TRUE
15120,10,3,1,0,-15,0,3,-15,0,FALSE,FALSE,TRUE
15342,10,3,24,0,406.09,0,3,406.09,0,FALSE,FALSE,TRUE
16607,9,3,12,0,128.82,0,3,610.57,0,FALSE,FALSE,TRUE
17788,10,3,3,0,16.7,0,3,16.7,0,FALSE,FALSE,TRUE
14133,10,3,12,0,287.64,0,3,287.64,0,FALSE,FALSE,TRUE
15602,10,3,1,0,-12.75,0,3,112.29,0,FALSE,FALSE,TRUE
15024,10,3,2,0,69.6,0,3,580.9,0,FALSE,FALSE,TRUE
16712,10,3,14,0,168.05,0,3,650.85,0,FALSE,FALSE,TRUE
13805,10,3,6,0,500.24,0,3,500.24,0,FALSE,FALSE,TRUE
17809,10,3,14,0,116.01,0,3,399.21,0,FALSE,FALSE,TRUE
15125,10,3,1,0,-3.75,0,3,192.25,0,FALSE,FALSE,TRUE
15810,10,3,1,0,-2.08,0,3,-2.08,0,FALSE,FALSE,TRUE
16628,10,3,2,0,-5.01,0,3,563.2,0,FALSE,FALSE,TRUE
14857,9,3,1,0,-7.47,0,3,643.13,0,FALSE,FALSE,TRUE
17887,9,3,10,0,111.35,0,3,111.35,0,FALSE,FALSE,TRUE
13717,9,3,15,0,201.77,0,3,389.25,0,FALSE,FALSE,TRUE
16150,9,3,25,0,444.22,0,3,768.9,0,FALSE,FALSE,TRUE
18178,9,3,29,0,490.87,0,3,490.87,0,FALSE,FALSE,TRUE
16419,9,3,11,0,112.09,0,3,112.09,0,FALSE,FALSE,TRUE
15374,9,3,3,0,168,0,3,168,0,FALSE,FALSE,TRUE
14737,9,3,7,0,647.75,0,3,647.75,0,FALSE,FALSE,TRUE
18241,4,3,15,0,265.25,0,3,534.9,0,FALSE,FALSE,TRUE
17656,9,3,18,0,341.58,0,3,473.98,0,FALSE,FALSE,TRUE
17940,9,3,3,0,162,0,3,162,0,FALSE,FALSE,TRUE
13106,9,3,1,0,-17,0,3,-17,0,FALSE,FALSE,TRUE
18055,9,3,15,0,310.33,0,3,310.33,0,FALSE,FALSE,TRUE
16835,9,3,5,0,99.1,0,3,99.1,0,FALSE,FALSE,TRUE
15804,9,3,1,0,-250,0,3,813.58,0,FALSE,FALSE,TRUE
14972,9,3,18,0,114.77,0,3,114.77,0,FALSE,FALSE,TRUE
17848,9,3,1,0,148.72,0,3,148.72,0,FALSE,FALSE,TRUE
12917,9,3,2,0,594,0,3,594,0,FALSE,FALSE,TRUE
15133,8,3,12,0,324.52,0,3,324.52,0,FALSE,FALSE,TRUE
14825,8,3,6,0,132.05,0,3,443.49,0,FALSE,FALSE,TRUE
14640,8,3,24,0,496.24,0,3,802.31,0,FALSE,FALSE,TRUE
13791,8,3,4,0,579,0,3,579,0,FALSE,FALSE,TRUE
16915,8,3,2,0,173.7,0,3,173.7,0,FALSE,FALSE,TRUE
17470,8,3,16,0,193.36,0,3,193.36,0,FALSE,FALSE,TRUE
14768,8,3,4,0,133.2,0,3,133.2,0,FALSE,FALSE,TRUE
14344,8,3,22,0,117.3,0,3,117.3,0,FALSE,FALSE,TRUE
17692,8,3,7,0,117.48,0,3,117.48,0,FALSE,FALSE,TRUE
17584,8,3,16,0,749.45,0,3,749.45,0,FALSE,FALSE,TRUE
16258,8,3,6,0,754.8,0,3,754.8,0,FALSE,FALSE,TRUE
15254,8,3,18,0,300.36,0,3,300.36,0,FALSE,FALSE,TRUE
15134,8,3,12,0,203.78,0,3,375.92,0,FALSE,FALSE,TRUE
14778,8,3,17,0,396.81,0,3,396.81,0,FALSE,FALSE,TRUE
13402,8,3,22,0,312.95,0,3,312.95,0,FALSE,FALSE,TRUE
18099,8,3,19,0,168.31,0,3,168.31,0,FALSE,FALSE,TRUE
16531,8,3,14,0,199.7,0,3,422.91,0,FALSE,FALSE,TRUE
15205,8,3,24,0,476.3,0,3,476.3,0,FALSE,FALSE,TRUE
13218,7,3,5,0,62.64,0,3,62.64,0,FALSE,FALSE,TRUE
14004,7,3,26,0,716,0,3,957,0,FALSE,FALSE,TRUE
12823,7,3,1,0,229.5,0,3,229.5,0,FALSE,FALSE,TRUE
13145,7,3,1,0,118.8,0,3,204.72,0,FALSE,FALSE,TRUE
15110,2,3,11,0,203.95,0,3,189.55,0,FALSE,FALSE,TRUE
16302,7,3,11,0,233.22,0,3,233.22,0,FALSE,FALSE,TRUE
18097,7,3,28,0,554.84,0,3,554.84,0,FALSE,FALSE,TRUE
15128,7,3,21,0,312.14,0,3,612.9,0,FALSE,FALSE,TRUE
13908,7,3,24,0,630.5,0,3,630.5,0,FALSE,FALSE,TRUE
13513,7,3,10,0,205.1,0,3,205.1,0,FALSE,FALSE,TRUE
14720,7,3,9,0,155.8,0,3,401.13,0,FALSE,FALSE,TRUE
15129,7,3,9,0,390,0,3,390,0,FALSE,FALSE,TRUE
17457,7,3,8,0,340.06,0,3,340.06,0,FALSE,FALSE,TRUE
15201,2,3,17,0,300.45,0,3,300.45,0,FALSE,FALSE,TRUE
18282,3,3,8,0,98.76,0,3,98.76,0,FALSE,FALSE,TRUE
14083,7,3,1,0,17.85,0,3,17.85,0,FALSE,FALSE,TRUE
13200,7,3,14,0,319.32,0,3,319.32,0,FALSE,FALSE,TRUE
15671,2,3,7,0,296.72,0,3,935.12,0,FALSE,FALSE,TRUE
16271,6,3,16,0,299.42,0,3,299.42,0,FALSE,FALSE,TRUE
16206,5,3,14,0,121.11,0,3,121.11,0,FALSE,FALSE,TRUE
16954,5,3,8,0,303.9,0,3,529.08,0,FALSE,FALSE,TRUE
12877,5,3,13,0,100.4,0,3,100.4,0,FALSE,FALSE,TRUE
17323,5,3,20,0,104.51,0,3,263.33,0,FALSE,FALSE,TRUE
14079,5,3,12,0,375.1,0,3,375.1,0,FALSE,FALSE,TRUE
13782,5,3,17,0,126.63,0,3,269.14,0,FALSE,FALSE,TRUE
17298,5,3,4,0,107.64,0,3,107.64,0,FALSE,FALSE,TRUE
14331,5,3,4,0,79,0,3,79,0,FALSE,FALSE,TRUE
16950,5,3,24,0,606.41,0,3,606.41,0,FALSE,FALSE,TRUE
14024,2,3,16,0,327.7,0,3,327.7,0,FALSE,FALSE,TRUE
15860,5,3,12,0,113.79,0,3,226.65,0,FALSE,FALSE,TRUE
15831,5,3,6,0,141.17,0,3,491.82,0,FALSE,FALSE,TRUE
16066,5,3,6,0,316.38,0,3,1071.82,0,FALSE,FALSE,TRUE
15198,5,3,5,0,107.64,0,3,193.64,0,FALSE,FALSE,TRUE
17602,2,3,9,0,128.75,0,3,128.75,0,FALSE,FALSE,TRUE
17870,4,3,10,0,106.91,0,3,396.77,0,FALSE,FALSE,TRUE
17331,4,3,1,0,175.2,0,3,175.2,0,FALSE,FALSE,TRUE
16637,4,3,16,0,226.93,0,3,820.97,0,FALSE,FALSE,TRUE
14748,4,3,24,0,347.64,0,3,644.62,0,FALSE,FALSE,TRUE
16255,4,3,2,0,-5,0,3,380.04,0,FALSE,FALSE,TRUE
16951,4,3,1,0,-15,0,3,-15,0,FALSE,FALSE,TRUE
13016,4,3,28,0,425.25,0,3,425.25,0,FALSE,FALSE,TRUE
17302,3,3,19,0,358.49,0,3,693.96,0,FALSE,FALSE,TRUE
16401,3,3,3,0,-13.15,0,3,-24,0,FALSE,FALSE,TRUE
15601,3,3,27,0,462.06,0,3,693.62,0,FALSE,FALSE,TRUE
17554,3,3,13,0,477.46,0,3,687.6,0,FALSE,FALSE,TRUE
14127,3,3,15,0,257.48,0,3,257.48,0,FALSE,FALSE,TRUE
14409,3,3,8,0,190.8,0,3,190.8,0,FALSE,FALSE,TRUE
13113,3,3,9,0,657.4,0,3,442.35,0,FALSE,FALSE,TRUE
13500,3,3,20,0,326.4,0,3,638.8,0,FALSE,FALSE,TRUE
15247,3,3,6,0,356,0,3,356,0,FALSE,FALSE,TRUE
17591,3,3,6,0,213.6,0,3,213.6,0,FALSE,FALSE,TRUE
14901,3,3,14,0,159.64,0,3,421.61,0,FALSE,FALSE,TRUE
14334,3,3,23,0,335.28,0,3,650.48,0,FALSE,FALSE,TRUE
13280,3,3,7,0,115.5,0,3,115.5,0,FALSE,FALSE,TRUE
17669,3,3,10,0,368.5,0,3,368.5,0,FALSE,FALSE,TRUE
17634,3,3,26,0,105.99,0,3,399.44,0,FALSE,FALSE,TRUE
12929,3,3,1,0,-12.75,0,3,-12.75,0,FALSE,FALSE,TRUE
13355,3,3,32,0,674.7,0,3,674.7,0,FALSE,FALSE,TRUE
13636,3,3,6,0,105.1,0,3,407.67,0,FALSE,FALSE,TRUE
16245,2,3,21,0,315.72,0,3,263.27,0,FALSE,FALSE,TRUE
13117,2,3,7,0,90.4,0,3,90.4,0,FALSE,FALSE,TRUE
16292,2,3,17,0,302.25,0,3,302.25,0,FALSE,FALSE,TRUE
13925,2,3,8,0,115.93,0,3,285.38,0,FALSE,FALSE,TRUE
16558,2,3,11,0,203.59,0,3,1056.82,0,FALSE,FALSE,TRUE
13388,2,3,1,0,-49.95,0,3,-49.95,0,FALSE,FALSE,TRUE
14495,2,3,2,0,40.6,0,3,40.6,0,FALSE,FALSE,TRUE
16996,2,3,7,0,340.9,0,3,756.08,0,FALSE,FALSE,TRUE
16750,2,3,5,0,98.38,0,3,98.38,0,FALSE,FALSE,TRUE
14209,2,3,13,0,354.68,0,3,354.68,0,FALSE,FALSE,TRUE
15987,1,3,5,0,403.05,0,3,403.05,0,FALSE,FALSE,TRUE
15608,1,3,18,0,285.68,0,3,1093.68,0,FALSE,FALSE,TRUE
14305,1,3,4,0,-48.85,0,3,-48.85,0,FALSE,FALSE,TRUE
17579,1,3,2,0,-8.7,0,3,-8.7,0,FALSE,FALSE,TRUE
13203,1,3,10,0,144.15,0,3,144.15,0,FALSE,FALSE,TRUE
13488,1,3,30,0,642.36,0,3,642.36,0,FALSE,FALSE,TRUE
14291,1,3,19,0,325.32,0,3,935.74,0,FALSE,FALSE,TRUE
15117,1,3,27,0,363.33,0,3,363.33,0,FALSE,FALSE,TRUE
12993,1,3,12,0,197.1,0,3,197.1,0,FALSE,FALSE,TRUE
13427,1,3,14,0,250.36,0,3,250.36,0,FALSE,FALSE,TRUE
18077,1,3,23,0,255.74,0,3,591.6,0,FALSE,FALSE,TRUE
15747,1,3,26,0,306.82,0,3,306.82,0,FALSE,FALSE,TRUE
17629,1,3,4,0,83.25,0,3,677.04,0,FALSE,FALSE,TRUE
18093,1,3,11,0,899.36,0,3,989,0,FALSE,FALSE,TRUE
14834,1,3,10,0,185.61,0,3,522.05,0,FALSE,FALSE,TRUE
16076,1,3,18,0,256.88,0,3,970.12,0,FALSE,FALSE,TRUE
13722,1,3,1,0,-6.25,0,3,-6.25,0,FALSE,FALSE,TRUE
17633,1,3,20,0,332.89,0,3,638.23,0,FALSE,FALSE,TRUE
18235,1,3,24,0,319.34,0,3,319.34,0,FALSE,FALSE,TRUE
13645,1,3,5,0,252.1,0,3,252.1,0,FALSE,FALSE,TRUE
15469,1,3,16,0,304.3,0,3,304.3,0,FALSE,FALSE,TRUE
12994,0,3,19,0,292.87,0,3,292.87,0,FALSE,FALSE,TRUE
13307,0,3,1,0,15,0,3,15,0,FALSE,FALSE,TRUE
17642,0,3,14,0,316.99,0,3,316.99,0,FALSE,FALSE,TRUE
15689,0,3,3,0,150.6,0,3,150.6,0,FALSE,FALSE,TRUE
13873,0,3,9,0,159.2,0,3,159.2,0,FALSE,FALSE,TRUE
13888,0,3,20,0,366.11,0,3,366.11,0,FALSE,FALSE,TRUE
14790,0,3,18,0,211.88,0,3,428.62,0,FALSE,FALSE,TRUE
16045,0,3,13,0,210.05,0,3,210.05,0,FALSE,FALSE,TRUE
18237,0,3,14,0,243.21,0,3,537.97,0,FALSE,FALSE,TRUE
14855,0,3,8,0,339.3,0,3,339.3,0,FALSE,FALSE,TRUE
17122,0,3,7,0,138.32,0,3,138.32,0,FALSE,FALSE,TRUE
17516,0,3,24,0,153.64,0,3,153.64,0,FALSE,FALSE,TRUE
15606,0,3,8,0,303.22,0,3,306.28,0,FALSE,FALSE,TRUE
16678,0,3,16,0,326.75,0,3,891.66,0,FALSE,FALSE,TRUE
17858,0,3,25,0,320.3,0,3,320.3,0,FALSE,FALSE,TRUE
14406,0,3,8,0,156.75,0,3,156.75,0,FALSE,FALSE,TRUE
14338,39,2,4,0,-25.75,0,2,-25.75,0,FALSE,TRUE,FALSE
14389,32,2,22,0,305.34,0,2,1037.66,0,FALSE,TRUE,FALSE
15785,38,2,11,0,334.6,0,2,984.3,0,FALSE,TRUE,FALSE
18232,38,2,11,0,119.14,0,2,119.14,0,FALSE,TRUE,FALSE
15812,32,2,32,0,822.48,0,2,822.48,0,FALSE,TRUE,FALSE
18198,38,2,12,0,626.48,0,2,929.56,0,FALSE,TRUE,FALSE
16682,39,2,15,0,626.3,0,2,810.22,0,FALSE,TRUE,FALSE
16103,38,2,21,0,621.94,0,2,621.94,0,FALSE,TRUE,FALSE
13266,39,2,25,0,691.08,0,2,982.14,0,FALSE,TRUE,FALSE
14217,36,2,16,0,261.11,0,2,377.71,0,FALSE,TRUE,FALSE
13456,36,2,5,0,401.1,0,2,855.86,0,FALSE,TRUE,FALSE
15679,35,2,22,0,260.26,0,2,734.66,0,FALSE,TRUE,FALSE
16581,36,2,11,0,70.44,0,2,70.44,0,FALSE,TRUE,FALSE
18061,32,2,9,0,361.45,0,2,594.95,0,FALSE,TRUE,FALSE
15465,40,2,12,0,507.96,0,2,657.06,0,FALSE,TRUE,FALSE
17667,42,2,21,0,394.34,0,2,698.84,0,FALSE,TRUE,FALSE
17123,42,2,9,0,345.3,0,2,345.3,0,FALSE,TRUE,FALSE
17800,40,2,30,0,240.65,0,2,519.25,0,FALSE,TRUE,FALSE
16866,33,2,6,0,153.95,0,2,153.95,0,FALSE,TRUE,FALSE
13730,42,2,22,0,306.75,0,2,306.75,0,FALSE,TRUE,FALSE
17505,42,2,26,0,658.85,0,2,658.85,0,FALSE,TRUE,FALSE
17888,42,2,26,0,2.66E-15,0,2,288.4,0,FALSE,TRUE,FALSE
16589,42,2,9,0,117.68,0,2,117.68,0,FALSE,TRUE,FALSE
16498,42,2,2,0,-5.1,0,2,-5.1,0,FALSE,TRUE,FALSE
18075,42,2,3,0,-18.28,0,2,281.74,0,FALSE,TRUE,FALSE
17988,42,2,4,0,13.37,0,2,13.37,0,FALSE,TRUE,FALSE
12922,42,2,28,0,405.38,0,2,405.38,0,FALSE,TRUE,FALSE
16326,40,2,17,0,155.34,0,2,1042.9,0,FALSE,TRUE,FALSE
17939,40,2,12,0,99.14,0,2,99.14,0,FALSE,TRUE,FALSE
16918,40,2,24,0,247.25,0,2,729.76,0,FALSE,TRUE,FALSE
15023,40,2,16,0,366.58,0,2,366.58,0,FALSE,TRUE,FALSE
17312,35,2,13,0,399.5,0,2,399.5,0,FALSE,TRUE,FALSE
13833,40,2,29,0,384.8,0,2,384.8,0,FALSE,TRUE,FALSE
15952,40,2,16,0,95.15,0,2,573.92,0,FALSE,TRUE,FALSE
17899,40,2,32,0,155.8,0,2,155.8,0,FALSE,TRUE,FALSE
15007,40,2,12,0,156.91,0,2,156.91,0,FALSE,TRUE,FALSE
17781,40,2,10,0,86.02,0,2,86.02,0,FALSE,TRUE,FALSE
17160,39,2,31,0,471.22,0,2,988.07,0,FALSE,TRUE,FALSE
14049,39,2,23,0,226.93,0,2,226.93,0,FALSE,TRUE,FALSE
17765,39,2,13,0,109.33,0,2,109.33,0,FALSE,TRUE,FALSE
17464,39,2,9,0,289.96,0,2,289.96,0,FALSE,TRUE,FALSE
13301,39,2,24,0,153.13,0,2,153.13,0,FALSE,TRUE,FALSE
16385,39,2,18,0,126.62,0,2,407.66,0,FALSE,TRUE,FALSE
17063,39,2,1,0,-25,0,2,-25,0,FALSE,TRUE,FALSE
18265,39,2,29,0,488.55,0,2,488.55,0,FALSE,TRUE,FALSE
16861,39,2,2,0,70.8,0,2,173.76,0,FALSE,TRUE,FALSE
16344,39,2,2,0,101.1,0,2,101.1,0,FALSE,TRUE,FALSE
18171,39,2,1,0,-4.95,0,2,541.94,0,FALSE,TRUE,FALSE
13826,39,2,2,0,-14.85,0,2,-14.85,0,FALSE,TRUE,FALSE
13338,35,2,24,0,431.82,0,2,431.82,0,FALSE,TRUE,FALSE
14189,38,2,18,0,321.46,0,2,996.23,0,FALSE,TRUE,FALSE
17024,38,2,1,0,31.25,0,2,56.25,0,FALSE,TRUE,FALSE
15646,38,2,7,0,107.6,0,2,107.6,0,FALSE,TRUE,FALSE
16782,38,2,9,0,157.4,0,2,306.75,0,FALSE,TRUE,FALSE
17469,37,2,25,0,412.8,0,2,412.8,0,FALSE,TRUE,FALSE
18177,38,2,17,0,324.17,0,2,627.77,0,FALSE,TRUE,FALSE
13489,38,2,4,0,51.36,0,2,51.36,0,FALSE,TRUE,FALSE
14223,38,2,21,0,351.69,0,2,686.23,0,FALSE,TRUE,FALSE
17671,38,2,16,0,311.82,0,2,311.82,0,FALSE,TRUE,FALSE
13085,38,2,9,0,137.98,0,2,137.98,0,FALSE,TRUE,FALSE
15806,38,2,7,0,221.52,0,2,221.52,0,FALSE,TRUE,FALSE
13183,38,2,7,0,302.18,0,2,745.32,0,FALSE,TRUE,FALSE
14905,35,2,9,0,291.35,0,2,291.35,0,FALSE,TRUE,FALSE
17017,38,2,3,0,-27.98,0,2,-43.2,0,FALSE,TRUE,FALSE
13414,38,2,3,0,467.7,0,2,467.7,0,FALSE,TRUE,FALSE
14262,38,2,15,0,305.5,0,2,819.66,0,FALSE,TRUE,FALSE
14034,38,2,28,0,334.11,0,2,334.11,0,FALSE,TRUE,FALSE
18203,38,2,19,0,160.42,0,2,160.42,0,FALSE,TRUE,FALSE
13021,38,2,1,0,-4.95,0,2,294.15,0,FALSE,TRUE,FALSE
18142,32,2,8,0,734.52,0,2,734.52,0,FALSE,TRUE,FALSE
16616,38,2,11,0,210.1,0,2,210.1,0,FALSE,TRUE,FALSE
16338,38,2,11,0,214.8,0,2,214.8,0,FALSE,TRUE,FALSE
16146,38,2,1,0,75,0,2,75,0,FALSE,TRUE,FALSE
17046,38,2,22,0,642.02,0,2,642.02,0,FALSE,TRUE,FALSE
16571,38,2,9,0,-37.96,0,2,-37.96,0,FALSE,TRUE,FALSE
13109,38,2,24,0,369.85,0,2,786.54,0,FALSE,TRUE,FALSE
14352,38,2,9,0,233.64,0,2,233.64,0,FALSE,TRUE,FALSE
14645,37,2,21,0,356.99,0,2,356.99,0,FALSE,TRUE,FALSE
13253,37,2,20,0,553.92,0,2,553.92,0,FALSE,TRUE,FALSE
15673,37,2,14,0,318.66,0,2,1095.29,0,FALSE,TRUE,FALSE
17905,37,2,5,0,224.84,0,2,224.84,0,FALSE,TRUE,FALSE
16829,37,2,11,0,197.22,0,2,197.22,0,FALSE,TRUE,FALSE
15889,37,2,27,0,148.95,0,2,148.95,0,FALSE,TRUE,FALSE
17440,37,2,2,0,61.8,0,2,61.8,0,FALSE,TRUE,FALSE
17341,37,2,22,0,267.76,0,2,267.76,0,FALSE,TRUE,FALSE
15971,37,2,4,0,301.9,0,2,779.3,0,FALSE,TRUE,FALSE
17705,37,2,9,0,167.5,0,2,581.1,0,FALSE,TRUE,FALSE
18144,37,2,3,0,202.1,0,2,517.1,0,FALSE,TRUE,FALSE
15053,37,2,20,0,255.95,0,2,255.95,0,FALSE,TRUE,FALSE
16919,37,2,27,0,215.74,0,2,215.74,0,FALSE,TRUE,FALSE
13420,37,2,1,0,-17.4,0,2,-17.4,0,FALSE,TRUE,FALSE
14002,37,2,14,0,224.79,0,2,224.79,0,FALSE,TRUE,FALSE
14214,37,2,5,0,76.95,0,2,126.75,0,FALSE,TRUE,FALSE
13804,37,2,18,0,321.14,0,2,862.25,0,FALSE,TRUE,FALSE
17045,37,2,5,0,108.4,0,2,108.4,0,FALSE,TRUE,FALSE
12977,37,2,9,0,39.24,0,2,39.24,0,FALSE,TRUE,FALSE
18263,36,2,30,0,503.8,0,2,503.8,0,FALSE,TRUE,FALSE
15512,36,2,1,0,19.8,0,2,19.8,0,FALSE,TRUE,FALSE
15288,36,2,10,0,382.36,0,2,382.36,0,FALSE,TRUE,FALSE
13842,36,2,20,0,336.8,0,2,918.49,0,FALSE,TRUE,FALSE
17892,36,2,26,0,142.1,0,2,142.1,0,FALSE,TRUE,FALSE
16325,36,2,8,0,225.2,0,2,225.2,0,FALSE,TRUE,FALSE
18013,36,2,31,0,187.29,0,2,187.29,0,FALSE,TRUE,FALSE
13208,36,2,18,0,134.86,0,2,505.69,0,FALSE,TRUE,FALSE
17069,31,2,26,0,412.58,0,2,1063.37,0,FALSE,TRUE,FALSE
17560,36,2,6,0,219.78,0,2,368.9,0,FALSE,TRUE,FALSE
13835,36,2,13,0,208.89,0,2,208.89,0,FALSE,TRUE,FALSE
13681,36,2,13,0,203.46,0,2,531.08,0,FALSE,TRUE,FALSE
13743,31,2,8,0,274.31,0,2,428.03,0,FALSE,TRUE,FALSE
16156,32,2,20,0,384.6,0,2,384.6,0,FALSE,TRUE,FALSE
14021,36,2,4,0,130.2,0,2,130.2,0,FALSE,TRUE,FALSE
16112,36,2,2,0,23.04,0,2,23.04,0,FALSE,TRUE,FALSE
13699,36,2,14,0,308.58,0,2,308.58,0,FALSE,TRUE,FALSE
14493,35,2,29,0,611.22,0,2,1070.19,0,FALSE,TRUE,FALSE
17837,35,2,9,0,110.5,0,2,524.6,0,FALSE,TRUE,FALSE
16842,35,2,16,0,346.38,0,2,342.63,0,FALSE,TRUE,FALSE
13302,35,2,1,0,63.75,0,2,63.75,0,FALSE,TRUE,FALSE
17007,35,2,7,0,112.71,0,2,112.71,0,FALSE,TRUE,FALSE
15675,35,2,13,0,180.39,0,2,180.39,0,FALSE,TRUE,FALSE
14702,35,2,13,0,109.9,0,2,355.58,0,FALSE,TRUE,FALSE
14657,35,2,17,0,114.54,0,2,114.54,0,FALSE,TRUE,FALSE
16091,35,2,8,0,157.81,0,2,157.81,0,FALSE,TRUE,FALSE
13102,35,2,19,0,413.96,0,2,413.96,0,FALSE,TRUE,FALSE
17031,35,2,13,0,225.95,0,2,225.95,0,FALSE,TRUE,FALSE
14264,35,2,12,0,218.27,0,2,218.27,0,FALSE,TRUE,FALSE
17663,35,2,10,0,225.72,0,2,437.19,0,FALSE,TRUE,FALSE
18121,35,2,30,0,649.85,0,2,649.85,0,FALSE,TRUE,FALSE
15901,35,2,24,0,110.49,0,2,110.49,0,FALSE,TRUE,FALSE
14918,35,2,20,0,765.42,0,2,765.42,0,FALSE,TRUE,FALSE
14104,35,2,2,0,104.95,0,2,104.95,0,FALSE,TRUE,FALSE
17965,35,2,3,0,28.35,0,2,756.94,0,FALSE,TRUE,FALSE
15182,35,2,13,0,252.37,0,2,252.37,0,FALSE,TRUE,FALSE
18037,35,2,2,0,9.2,0,2,9.2,0,FALSE,TRUE,FALSE
14267,31,2,9,0,-209.8,0,2,-209.8,0,FALSE,TRUE,FALSE
16398,35,2,19,0,535.85,0,2,535.85,0,FALSE,TRUE,FALSE
14188,35,2,11,0,329.46,0,2,660.76,0,FALSE,TRUE,FALSE
14708,35,2,2,0,282.12,0,2,282.12,0,FALSE,TRUE,FALSE
13955,34,2,22,0,117.86,0,2,117.86,0,FALSE,TRUE,FALSE
17787,33,2,15,0,149.02,0,2,149.02,0,FALSE,TRUE,FALSE
13064,33,2,27,0,455.95,0,2,639.03,0,FALSE,TRUE,FALSE
18024,33,2,22,0,236.78,0,2,236.78,0,FALSE,TRUE,FALSE
15467,33,2,30,0,288.42,0,2,288.42,0,FALSE,TRUE,FALSE
16877,33,2,24,0,111.23,0,2,111.23,0,FALSE,TRUE,FALSE
13678,32,2,16,0,232.6,0,2,232.6,0,FALSE,TRUE,FALSE
13627,32,2,1,0,-12.75,0,2,291.54,0,FALSE,TRUE,FALSE
15045,32,2,8,0,346.76,0,2,346.76,0,FALSE,TRUE,FALSE
13754,32,2,4,0,126.6,0,2,126.6,0,FALSE,TRUE,FALSE
13058,32,2,3,0,47.55,0,2,137.7,0,FALSE,TRUE,FALSE
17164,32,2,20,0,327.2,0,2,778.29,0,FALSE,TRUE,FALSE
13675,32,2,10,0,178.38,0,2,178.38,0,FALSE,TRUE,FALSE
13003,32,2,1,0,30,0,2,30,0,FALSE,TRUE,FALSE
13394,32,2,19,0,301.26,0,2,94.04,0,FALSE,TRUE,FALSE
13745,32,2,1,0,-8.5,0,2,-8.5,0,FALSE,TRUE,FALSE
17337,32,2,3,0,24,0,2,24,0,FALSE,TRUE,FALSE
16989,31,2,7,0,857.7,0,2,989.7,0,FALSE,TRUE,FALSE
13549,31,2,8,0,116.55,0,2,186.7,0,FALSE,TRUE,FALSE
13590,31,2,12,0,204.35,0,2,204.35,0,FALSE,TRUE,FALSE
18193,31,2,1,0,-9.95,0,2,-9.95,0,FALSE,TRUE,FALSE
16515,31,2,18,0,365.28,0,2,628.02,0,FALSE,TRUE,FALSE
13207,31,2,5,0,197.52,0,2,197.52,0,FALSE,TRUE,FALSE
18122,31,2,23,0,119.19,0,2,317.66,0,FALSE,TRUE,FALSE
14548,31,2,2,0,326.4,0,2,326.4,0,FALSE,TRUE,FALSE
17268,31,2,2,0,35,0,2,35,0,FALSE,TRUE,FALSE
13311,31,2,24,0,490.11,0,2,490.11,0,FALSE,TRUE,FALSE
12919,30,2,2,0,52.8,0,2,388.92,0,FALSE,TRUE,FALSE
14221,65,1,41,1,784.9,0,2,784.9,0,FALSE,TRUE,FALSE
14587,65,1,41,1,193.2,0,2,193.2,0,FALSE,TRUE,FALSE
17360,64,1,60,1,330.95,0,2,330.95,0,FALSE,TRUE,FALSE
14963,64,1,38,1,294.2,0,2,604.59,0,FALSE,TRUE,FALSE
17522,64,1,46,1,539.12,0,2,539.12,0,FALSE,TRUE,FALSE
14584,63,1,34,1,354.01,0,2,354.01,0,FALSE,TRUE,FALSE
17797,63,1,44,1,272.41,0,2,272.41,0,FALSE,TRUE,FALSE
16370,63,1,46,1,271.04,0,2,271.04,0,FALSE,TRUE,FALSE
13533,63,1,33,1,124.15,0,2,124.15,0,FALSE,TRUE,FALSE
17265,61,1,77,1,384.09,0,2,384.09,0,FALSE,TRUE,FALSE
16007,61,1,81,1,363.7,0,2,1115.44,0,FALSE,TRUE,FALSE
17289,61,1,34,1,167.36,0,2,936.16,0,FALSE,TRUE,FALSE
16794,61,1,57,1,274.74,0,2,367.12,0,FALSE,TRUE,FALSE
17802,61,1,70,1,499.02,0,2,499.02,0,FALSE,TRUE,FALSE
18069,61,1,56,1,304.31,0,2,1092.41,0,FALSE,TRUE,FALSE
16813,72,0,34,1,110.55,0,1,236.01,0,FALSE,TRUE,FALSE
17472,72,0,60,1,259.27,0,1,259.27,0,FALSE,TRUE,FALSE
15508,70,0,38,1,371.16,0,1,371.16,0,FALSE,TRUE,FALSE
15453,68,0,41,1,197.09,0,1,775.31,0,FALSE,TRUE,FALSE
17346,68,0,46,1,165.63,0,1,603.35,0,FALSE,TRUE,FALSE
17050,68,0,42,1,459.75,0,1,1028,0,FALSE,TRUE,FALSE
15301,68,0,33,1,671.91,0,1,637.01,0,FALSE,TRUE,FALSE
15073,66,0,66,1,430.98,0,1,430.98,0,FALSE,TRUE,FALSE
18118,67,0,40,1,191.61,0,1,512.61,0,FALSE,TRUE,FALSE
16520,67,0,43,1,413.7,0,1,413.7,0,FALSE,TRUE,FALSE
14623,67,0,41,1,205.18,0,1,367.52,0,FALSE,TRUE,FALSE
17673,67,0,44,1,287.19,0,1,594.07,0,FALSE,TRUE,FALSE
17252,67,0,86,1,341.96,0,1,341.96,0,FALSE,TRUE,FALSE
14583,66,0,49,1,139.82,0,1,139.82,0,FALSE,TRUE,FALSE
14711,66,0,34,1,160.15,0,1,461.15,0,FALSE,TRUE,FALSE
14375,66,0,75,1,257.68,0,1,257.68,0,FALSE,TRUE,FALSE
15192,0,3,36,1,729.32,0,4,729.32,0,FALSE,FALSE,TRUE
17757,11,3,72,1,480.18,0,4,675.18,0,FALSE,FALSE,TRUE
16348,9,3,83,1,319.44,0,4,738.35,0,FALSE,FALSE,TRUE
16928,1,3,37,1,420.79,0,4,620.09,0,FALSE,FALSE,TRUE
14903,2,3,91,1,587.24,0,4,587.24,0,FALSE,FALSE,TRUE
13534,9,3,47,1,649.92,0,4,935.61,0,FALSE,FALSE,TRUE
17994,2,3,35,1,324.34,0,4,324.34,0,FALSE,FALSE,TRUE
14696,0,3,41,1,579.21,0,4,579.21,0,FALSE,FALSE,TRUE
16612,0,3,33,1,590.25,0,4,907.61,0,FALSE,FALSE,TRUE
14534,0,3,78,1,542.04,0,4,1102.5,0,FALSE,FALSE,TRUE
18248,3,3,47,1,804.02,0,4,804.02,0,FALSE,FALSE,TRUE
17696,10,3,43,1,734.1,0,4,1090.32,0,FALSE,FALSE,TRUE
16626,8,3,34,1,794.13,0,4,1094.53,0,FALSE,FALSE,TRUE
13571,8,3,51,1,281.97,0,4,983.75,0,FALSE,FALSE,TRUE
13184,11,3,87,1,698.13,0,4,698.13,0,FALSE,FALSE,TRUE
15764,9,3,35,1,558.74,0,4,558.74,0,FALSE,FALSE,TRUE
12841,9,3,52,1,567.68,0,4,838.45,0,FALSE,FALSE,TRUE
16317,0,3,39,1,770.89,0,4,770.89,0,FALSE,FALSE,TRUE
16700,2,3,51,1,740.55,0,4,1109.67,0,FALSE,FALSE,TRUE
15033,4,3,70,1,196.89,0,4,196.89,0,FALSE,FALSE,TRUE
15518,4,3,85,1,619.33,0,4,937.02,0,FALSE,FALSE,TRUE
14099,1,3,52,1,584.65,0,4,947.83,0,FALSE,FALSE,TRUE
16743,6,3,57,1,411.12,0,4,763.35,0,FALSE,FALSE,TRUE
13158,0,3,37,1,611.76,0,4,944.65,0,FALSE,FALSE,TRUE
17611,4,3,71,1,587.43,0,4,1117.23,0,FALSE,FALSE,TRUE
13486,9,3,52,1,819.61,0,4,819.61,0,FALSE,FALSE,TRUE
17042,2,3,33,1,427.43,0,4,427.43,0,FALSE,FALSE,TRUE
15157,4,3,41,1,383.58,0,4,383.58,0,FALSE,FALSE,TRUE
13047,7,3,37,1,364.69,0,4,354.69,0,FALSE,FALSE,TRUE
16283,1,3,39,1,304.64,0,4,1048.43,0,FALSE,FALSE,TRUE
16572,8,3,36,1,667.02,0,4,667.02,0,FALSE,FALSE,TRUE
16332,11,3,43,1,536.97,0,4,869.21,0,FALSE,FALSE,TRUE
16145,4,3,39,1,634.58,0,4,941.54,0,FALSE,FALSE,TRUE
17790,1,3,36,1,318.29,0,4,646.82,0,FALSE,FALSE,TRUE
14688,10,3,39,1,630.71,0,4,582.69,0,FALSE,FALSE,TRUE
14112,3,3,40,1,743.37,0,4,693.29,0,FALSE,FALSE,TRUE
14076,10,3,46,1,122.47,0,4,122.47,0,FALSE,FALSE,TRUE
16324,9,3,67,1,262.12,0,4,262.12,0,FALSE,FALSE,TRUE
17514,9,3,40,1,208.65,0,4,208.65,0,FALSE,FALSE,TRUE
17267,7,3,38,1,317.62,0,4,317.62,0,FALSE,FALSE,TRUE
18079,7,3,40,1,593.35,0,4,593.35,0,FALSE,FALSE,TRUE
16764,7,3,34,1,172.42,0,4,1016.87,0,FALSE,FALSE,TRUE
17092,7,3,41,1,498.17,0,4,498.17,0,FALSE,FALSE,TRUE
13588,1,3,37,1,449.21,0,4,1010.02,0,FALSE,FALSE,TRUE
17085,4,3,45,1,347.75,0,4,347.75,0,FALSE,FALSE,TRUE
16788,4,3,87,1,300.31,0,4,300.31,0,FALSE,FALSE,TRUE
16241,2,3,47,1,120.84,0,4,611.44,0,FALSE,FALSE,TRUE
14030,2,3,33,1,222.48,0,4,381.79,0,FALSE,FALSE,TRUE
14346,1,3,43,1,759.14,0,4,759.14,0,FALSE,FALSE,TRUE
17284,1,3,49,1,272.97,0,4,431.41,0,FALSE,FALSE,TRUE
17248,1,3,69,1,318.65,0,4,318.65,0,FALSE,FALSE,TRUE
14639,1,3,45,1,754.1,0,4,754.1,0,FALSE,FALSE,TRUE
16942,36,2,75,1,509.63,0,3,719.37,0,FALSE,FALSE,TRUE
14472,33,2,37,1,316.9,0,3,316.9,0,FALSE,FALSE,TRUE
13862,35,2,37,1,588.61,0,3,588.61,0,FALSE,FALSE,TRUE
15349,39,2,72,1,473.81,0,3,473.81,0,FALSE,FALSE,TRUE
12843,40,2,35,1,738.75,0,3,748.7,0,FALSE,FALSE,TRUE
18072,35,2,36,1,-5.33E-15,0,3,-5.33E-15,0,FALSE,FALSE,TRUE
16550,35,2,49,1,383.77,0,3,383.77,0,FALSE,FALSE,TRUE
16393,37,2,70,1,493.84,0,3,752.48,0,FALSE,FALSE,TRUE
17238,37,2,64,1,377.88,0,3,723.87,0,FALSE,FALSE,TRUE
17966,32,2,55,1,447.43,0,3,951.43,0,FALSE,FALSE,TRUE
13510,36,2,40,1,578.92,0,3,891.41,0,FALSE,FALSE,TRUE
12839,38,2,39,1,635.08,0,3,1048.66,0,FALSE,FALSE,TRUE
17576,30,2,61,1,558.24,0,3,816.32,0,FALSE,FALSE,TRUE
17920,42,2,82,1,304.61,0,3,629.25,0,FALSE,FALSE,TRUE
17338,42,2,84,1,596.23,0,3,596.23,0,FALSE,FALSE,TRUE
15483,42,2,34,1,118.96,0,3,118.96,0,FALSE,FALSE,TRUE
13285,42,2,55,1,796.83,0,3,796.83,0,FALSE,FALSE,TRUE
16009,40,2,66,1,462.19,0,3,544.95,0,FALSE,FALSE,TRUE
16931,40,2,40,1,272.26,0,3,468.86,0,FALSE,FALSE,TRUE
17105,40,2,52,1,346.38,0,3,346.38,0,FALSE,FALSE,TRUE
16265,39,2,34,1,750.9,0,3,750.9,0,FALSE,FALSE,TRUE
17975,39,2,46,1,249.03,0,3,534.22,0,FALSE,FALSE,TRUE
15549,38,2,43,1,689.58,0,3,689.58,0,FALSE,FALSE,TRUE
17049,38,2,41,1,694.57,0,3,694.57,0,FALSE,FALSE,TRUE
15334,37,2,37,1,127.53,0,3,127.53,0,FALSE,FALSE,TRUE
15021,37,2,47,1,215.85,0,3,215.85,0,FALSE,FALSE,TRUE
17861,36,2,88,1,667.61,0,3,781.11,0,FALSE,FALSE,TRUE
17997,33,2,43,1,829.86,0,3,934.15,0,FALSE,FALSE,TRUE
13291,36,2,42,1,361.11,0,3,361.11,0,FALSE,FALSE,TRUE
13583,36,2,53,1,781.03,0,3,781.03,0,FALSE,FALSE,TRUE
15356,36,2,47,1,370.15,0,3,520.19,0,FALSE,FALSE,TRUE
15920,35,2,60,1,167.5,0,3,167.5,0,FALSE,FALSE,TRUE
15756,33,2,49,1,115.72,0,3,283.84,0,FALSE,FALSE,TRUE
14808,33,2,39,1,301.11,0,3,301.11,0,FALSE,FALSE,TRUE
17758,33,2,69,1,381.37,0,3,381.37,0,FALSE,FALSE,TRUE
13230,33,2,67,1,280.7,0,3,456.23,0,FALSE,FALSE,TRUE
16014,33,2,75,1,267,0,3,390.2,0,FALSE,FALSE,TRUE
14690,32,2,33,1,203.62,0,3,203.62,0,FALSE,FALSE,TRUE
14552,32,2,58,1,165.07,0,3,165.07,0,FALSE,FALSE,TRUE
15265,32,2,40,1,793.88,0,3,793.88,0,FALSE,FALSE,TRUE
15577,31,2,35,1,229.23,0,3,229.23,0,FALSE,FALSE,TRUE
17405,31,2,41,1,393.31,0,3,363.08,0,FALSE,FALSE,TRUE
16409,31,2,42,1,235.71,0,3,844.56,0,FALSE,FALSE,TRUE
15051,31,2,34,1,377.74,0,3,377.74,0,FALSE,FALSE,TRUE
18272,31,2,37,1,753.66,0,3,753.66,0,FALSE,FALSE,TRUE
14159,68,0,105,2,462.53,0,2,1038.21,0,FALSE,TRUE,FALSE
17015,66,0,121,2,524.5,0,2,797.08,0,FALSE,TRUE,FALSE
13263,1,3,143,2,612.65,0,5,1018.25,0,TRUE,FALSE,FALSE
17231,7,3,103,2,578.96,0,5,949.13,0,TRUE,FALSE,FALSE
17954,4,3,134,2,577.85,0,5,727.4,0,TRUE,FALSE,FALSE
17220,7,3,123,2,707.62,0,5,830.2,0,TRUE,FALSE,FALSE
16904,2,3,122,2,511.91,0,5,883.09,0,TRUE,FALSE,FALSE
17400,7,3,103,2,817.44,0,5,817.44,0,TRUE,FALSE,FALSE
13451,7,3,121,2,811.01,0,5,811.01,0,TRUE,FALSE,FALSE
17126,33,2,137,2,486.53,0,4,486.53,0,FALSE,FALSE,TRUE
14364,68,0,13,0,1044.65,1,1,1044.65,0,FALSE,TRUE,FALSE
13075,10,3,22,0,919.61,1,4,919.61,0,FALSE,FALSE,TRUE
14163,33,2,17,0,909.6,1,3,909.6,0,FALSE,FALSE,TRUE
13334,71,0,84,1,1071.4,1,2,1071.4,0,FALSE,TRUE,FALSE
17731,9,3,49,1,963.74,1,5,963.74,0,TRUE,FALSE,FALSE
13198,1,3,59,1,921.43,1,5,915.23,0,TRUE,FALSE,FALSE
15494,2,3,88,1,1127.38,1,5,1127.38,0,TRUE,FALSE,FALSE
13050,2,3,128,2,977.34,1,6,971.09,0,TRUE,FALSE,FALSE
13004,64,1,23,0,297.2,0,1,1165.83,1,FALSE,TRUE,FALSE
18229,65,1,13,0,351.2,0,1,1437.54,1,FALSE,TRUE,FALSE
14040,63,1,13,0,502.63,0,1,1474.44,1,FALSE,TRUE,FALSE
16779,64,1,19,0,480.96,0,1,1224.54,1,FALSE,TRUE,FALSE
16107,63,1,10,0,532.9,0,1,1353.74,1,FALSE,TRUE,FALSE
13426,63,1,18,0,273.66,0,1,1423.09,1,FALSE,TRUE,FALSE
15114,63,1,22,0,309.34,0,1,1142.58,1,FALSE,TRUE,FALSE
16767,63,1,16,0,399.18,0,1,1745.42,1,FALSE,TRUE,FALSE
15291,61,1,18,0,301.42,0,1,1345.33,1,FALSE,TRUE,FALSE
13458,67,0,28,0,611.66,0,0,1425.5,1,FALSE,TRUE,FALSE
17071,68,0,21,0,252.19,0,0,1278.8,1,FALSE,TRUE,FALSE
15694,68,0,3,0,324.72,0,0,2335.16,1,FALSE,TRUE,FALSE
15722,68,0,26,0,405.25,0,0,1203.01,1,FALSE,TRUE,FALSE
14944,67,0,22,0,507.7,0,0,2124.2,1,FALSE,TRUE,FALSE
13327,66,0,18,0,450.4,0,0,1339.42,1,FALSE,TRUE,FALSE
16873,8,3,30,0,636.37,0,3,2033.69,1,FALSE,FALSE,TRUE
15194,3,3,22,0,394.82,0,3,1816.49,1,FALSE,FALSE,TRUE
12971,7,3,23,0,875.98,0,3,2019.57,1,FALSE,FALSE,TRUE
13695,0,3,27,0,881.15,0,3,1669.87,1,FALSE,FALSE,TRUE
14709,11,3,26,0,790.5,0,3,1723.8,1,FALSE,FALSE,TRUE
13319,1,3,26,0,474.89,0,3,3786.39,1,FALSE,FALSE,TRUE
16168,9,3,17,0,592.25,0,3,1484.97,1,FALSE,FALSE,TRUE
13756,9,3,27,0,629.7,0,3,1947.44,1,FALSE,FALSE,TRUE
14401,9,3,30,0,738.46,0,3,1352.86,1,FALSE,FALSE,TRUE
13468,2,3,13,0,217.65,0,3,1134.6,1,FALSE,FALSE,TRUE
13013,4,3,29,0,492.45,0,3,1327.85,1,FALSE,FALSE,TRUE
16523,9,3,9,0,289.95,0,3,2271.98,1,FALSE,FALSE,TRUE
13384,2,3,21,0,564.49,0,3,1286.69,1,FALSE,FALSE,TRUE
16102,9,3,31,0,839.76,0,3,1392.84,1,FALSE,FALSE,TRUE
16187,8,3,18,0,422.82,0,3,1463.36,1,FALSE,FALSE,TRUE
14667,8,3,12,0,249.13,0,3,1829.65,1,FALSE,FALSE,TRUE
14031,7,3,20,0,809.11,0,3,2225.11,1,FALSE,FALSE,TRUE
14844,4,3,21,0,714.33,0,3,1646.46,1,FALSE,FALSE,TRUE
17442,2,3,31,0,521.44,0,3,1174.6,1,FALSE,FALSE,TRUE
14116,2,3,17,0,319.97,0,3,1169.82,1,FALSE,FALSE,TRUE
17653,1,3,4,0,163.24,0,3,1175.88,1,FALSE,FALSE,TRUE
14110,0,3,23,0,860.98,0,3,1730.45,1,FALSE,FALSE,TRUE
13599,31,2,20,0,296.39,0,2,1307.65,1,FALSE,TRUE,FALSE
13267,32,2,19,0,265.15,0,2,1336.12,1,FALSE,TRUE,FALSE
13854,38,2,7,0,328.74,0,2,1680.78,1,FALSE,TRUE,FALSE
13576,42,2,8,0,741.09,0,2,1608.18,1,FALSE,TRUE,FALSE
15738,37,2,20,0,618.22,0,2,1219.78,1,FALSE,TRUE,FALSE
13078,35,2,19,0,290.49,0,2,1748.71,1,FALSE,TRUE,FALSE
17865,42,2,29,0,831.34,0,2,2551.02,1,FALSE,TRUE,FALSE
17243,39,2,23,0,276.82,0,2,1960.08,1,FALSE,TRUE,FALSE
13763,39,2,1,0,-8.5,0,2,1706.46,1,FALSE,TRUE,FALSE
17581,39,2,23,0,361.34,0,2,2043.63,1,FALSE,TRUE,FALSE
14952,39,2,3,0,-26.3,0,2,2032.74,1,FALSE,TRUE,FALSE
16985,38,2,12,0,663.18,0,2,1165.08,1,FALSE,TRUE,FALSE
16837,38,2,4,0,97,0,2,1356.24,1,FALSE,TRUE,FALSE
14051,38,2,10,0,672.9,0,2,3714.75,1,FALSE,TRUE,FALSE
12830,37,2,3,0,647.92,0,2,2258.56,1,FALSE,TRUE,FALSE
13999,37,2,19,0,307.03,0,2,1242.43,1,FALSE,TRUE,FALSE
17651,36,2,24,0,443.01,0,2,1654.75,1,FALSE,TRUE,FALSE
15144,35,2,11,0,443.2,0,2,1451.7,1,FALSE,TRUE,FALSE
16033,32,2,32,0,206.75,0,2,1768.47,1,FALSE,TRUE,FALSE
13269,31,2,15,0,305.1,0,2,1241.5,1,FALSE,TRUE,FALSE
14895,63,1,34,1,809.98,0,2,3473.98,1,FALSE,TRUE,FALSE
17191,72,0,36,1,354.82,0,1,1274.25,1,FALSE,TRUE,FALSE
17596,72,0,44,1,541.95,0,1,1153.96,1,FALSE,TRUE,FALSE
14700,70,0,37,1,836.05,0,1,1513.75,1,FALSE,TRUE,FALSE
15298,68,0,33,1,538.76,0,1,1129.78,1,FALSE,TRUE,FALSE
17091,66,0,34,1,600.69,0,1,1983.24,1,FALSE,TRUE,FALSE
17315,8,3,39,1,782.17,0,4,1388.97,1,FALSE,FALSE,TRUE
16818,7,3,40,1,739.49,0,4,1165.56,1,FALSE,FALSE,TRUE
13069,0,3,61,1,782.4,0,4,1259.16,1,FALSE,FALSE,TRUE
16186,0,3,35,1,689.5,0,4,1355.71,1,FALSE,FALSE,TRUE
16880,7,3,89,1,705.73,0,4,1367.9,1,FALSE,FALSE,TRUE
14621,7,3,35,1,674.61,0,4,1157.2,1,FALSE,FALSE,TRUE
17811,1,3,46,1,378.67,0,4,1327.67,1,FALSE,FALSE,TRUE
15005,8,3,94,1,488.6,0,4,1156.86,1,FALSE,FALSE,TRUE
14713,7,3,77,1,619.85,0,4,1192.58,1,FALSE,FALSE,TRUE
14530,9,3,69,1,874.36,0,4,1399.21,1,FALSE,FALSE,TRUE
14527,3,3,88,1,623.62,0,4,1422.72,1,FALSE,FALSE,TRUE
16011,0,3,44,1,445.96,0,4,1172.29,1,FALSE,FALSE,TRUE
13969,8,3,66,1,793.31,0,4,2114.48,1,FALSE,FALSE,TRUE
14562,7,3,50,1,465.71,0,4,1388.14,1,FALSE,FALSE,TRUE
15628,3,3,38,1,617.94,0,4,1346.25,1,FALSE,FALSE,TRUE
14415,4,3,82,1,903.07,0,4,1639.5,1,FALSE,FALSE,TRUE
15632,2,3,35,1,723.77,0,4,1350.89,1,FALSE,FALSE,TRUE
18109,7,3,37,1,687.85,0,4,1751.58,1,FALSE,FALSE,TRUE
14868,1,3,48,1,857.74,0,4,1416.33,1,FALSE,FALSE,TRUE
13418,5,3,44,1,563.81,0,4,1334.79,1,FALSE,FALSE,TRUE
14388,2,3,40,1,661.92,0,4,1567.67,1,FALSE,FALSE,TRUE
13018,3,3,40,1,521.26,0,4,1622.95,1,FALSE,FALSE,TRUE
15544,0,3,47,1,694.88,0,4,1140.9,1,FALSE,FALSE,TRUE
12949,11,3,43,1,772.97,0,4,1490.77,1,FALSE,FALSE,TRUE
13209,9,3,39,1,595.26,0,4,2330.79,1,FALSE,FALSE,TRUE
13975,9,3,78,1,384.34,0,4,1412.91,1,FALSE,FALSE,TRUE
13709,3,3,50,1,761.5,0,4,2505.19,1,FALSE,FALSE,TRUE
17377,7,3,43,1,314.69,0,4,1248.27,1,FALSE,FALSE,TRUE
12885,1,3,40,1,628.4,0,4,1158.27,1,FALSE,FALSE,TRUE
15502,4,3,90,1,159.12,0,4,2722.49,1,FALSE,FALSE,TRUE
17716,4,3,41,1,809.82,0,4,1857.4,1,FALSE,FALSE,TRUE
13097,3,3,57,1,641.85,0,4,1172.99,1,FALSE,FALSE,TRUE
16791,3,3,37,1,224.12,0,4,1130.13,1,FALSE,FALSE,TRUE
15358,1,3,49,1,710.2,0,4,1488.26,1,FALSE,FALSE,TRUE
14849,0,3,45,1,813.71,0,4,2916.08,1,FALSE,FALSE,TRUE
17706,32,2,53,1,742.47,0,3,2179.2,1,FALSE,FALSE,TRUE
13115,35,2,58,1,863.05,0,3,1764.12,1,FALSE,FALSE,TRUE
16722,36,2,36,1,601.66,0,3,1338.24,1,FALSE,FALSE,TRUE
13148,40,2,53,1,471.44,0,3,1388.69,1,FALSE,FALSE,TRUE
15416,31,2,45,1,859.95,0,3,1699.94,1,FALSE,FALSE,TRUE
14961,35,2,34,1,727.32,0,3,1738.27,1,FALSE,FALSE,TRUE
14796,32,2,72,1,543.37,0,3,1367.88,1,FALSE,FALSE,TRUE
14606,4,3,210,2,879.9,0,5,1522.93,1,TRUE,FALSE,FALSE
15719,7,3,164,2,778.73,0,5,2270.84,1,TRUE,FALSE,FALSE
14535,8,3,97,2,799.94,0,5,1987.12,1,TRUE,FALSE,FALSE
16549,5,3,110,2,662.03,0,5,1712.3,1,TRUE,FALSE,FALSE
15555,39,2,116,2,556.97,0,4,1718.1,1,FALSE,FALSE,TRUE
16126,65,1,20,0,952.65,1,2,3533.72,1,FALSE,TRUE,FALSE
17133,71,0,5,0,1437.12,1,1,1836.72,1,FALSE,TRUE,FALSE
17723,7,3,3,0,1867.5,1,4,1867.5,1,FALSE,FALSE,TRUE
16672,3,3,12,0,976,1,4,2121.7,1,FALSE,FALSE,TRUE
13777,10,3,16,0,1765.89,1,4,1755.89,1,FALSE,FALSE,TRUE
15189,4,3,23,0,1558.79,1,4,3808.22,1,FALSE,FALSE,TRUE
16525,9,3,26,0,1179.34,1,4,2416.18,1,FALSE,FALSE,TRUE
16839,2,3,29,0,2110.81,1,4,3822.13,1,FALSE,FALSE,TRUE
18073,9,3,25,0,1470.18,1,4,1470.18,1,FALSE,FALSE,TRUE
18092,0,3,25,0,1855.24,1,4,3203.64,1,FALSE,FALSE,TRUE
15290,9,3,30,0,983.52,1,4,1326,1,FALSE,FALSE,TRUE
17306,9,3,6,0,1037.44,1,4,1994.1,1,FALSE,FALSE,TRUE
13082,7,3,11,0,1368.1,1,4,1368.1,1,FALSE,FALSE,TRUE
15581,1,3,27,0,2776.13,1,4,2776.13,1,FALSE,FALSE,TRUE
17428,7,3,28,0,1673.2,1,4,2541.88,1,FALSE,FALSE,TRUE
17353,9,3,8,0,1740,1,4,1740,1,FALSE,FALSE,TRUE
16656,1,3,15,0,1885.04,1,4,2844.65,1,FALSE,FALSE,TRUE
15251,7,3,11,0,1249.6,1,4,3484.8,1,FALSE,FALSE,TRUE
16182,11,3,7,0,2327,1,4,2327,1,FALSE,FALSE,TRUE
17553,10,3,2,0,1487.6,1,4,1487.6,1,FALSE,FALSE,TRUE
15046,8,3,29,0,943.07,1,4,1761.56,1,FALSE,FALSE,TRUE
18172,2,3,28,0,1011.94,1,4,2092.31,1,FALSE,FALSE,TRUE
17677,7,3,14,0,1016.04,1,4,2076,1,FALSE,FALSE,TRUE
12980,36,2,7,0,1518.33,1,3,1518.33,1,FALSE,FALSE,TRUE
15267,36,2,7,0,1407.76,1,3,1527.76,1,FALSE,FALSE,TRUE
14145,37,2,4,0,1722.6,1,3,1722.6,1,FALSE,FALSE,TRUE
12989,38,2,5,0,1141.2,1,3,2629.68,1,FALSE,FALSE,TRUE
14235,38,2,25,0,1538.31,1,3,1538.31,1,FALSE,FALSE,TRUE
13027,36,2,6,0,1536,1,3,1536,1,FALSE,FALSE,TRUE
14258,32,2,20,0,1778.5,1,3,3690.56,1,FALSE,FALSE,TRUE
17652,63,1,61,1,992.82,1,3,1985.31,1,FALSE,FALSE,TRUE
14842,66,0,78,1,1366.23,1,2,1528.53,1,FALSE,TRUE,FALSE
17690,67,0,53,1,931.63,1,2,1846.21,1,FALSE,TRUE,FALSE
15078,3,3,65,1,1406.83,1,5,1959.93,1,TRUE,FALSE,FALSE
16729,6,3,92,1,907.67,1,5,1809.11,1,TRUE,FALSE,FALSE
16133,1,3,39,1,1747.03,1,5,2264.36,1,TRUE,FALSE,FALSE
17719,9,3,57,1,1330.4,1,5,1939.73,1,TRUE,FALSE,FALSE
14408,11,3,68,1,1157.34,1,5,1459.14,1,TRUE,FALSE,FALSE
15498,1,3,75,1,2316,1,5,2316,1,TRUE,FALSE,FALSE
16701,10,3,50,1,1721.99,1,5,1721.99,1,TRUE,FALSE,FALSE
17675,3,3,80,1,2019.4,1,5,3163.5,1,TRUE,FALSE,FALSE
15152,4,3,80,1,1464.76,1,5,2079.93,1,TRUE,FALSE,FALSE
17730,3,3,49,1,953.47,1,5,1278.48,1,TRUE,FALSE,FALSE
18226,1,3,75,1,1505.03,1,5,1493.13,1,TRUE,FALSE,FALSE
14257,4,3,61,1,2105.7,1,5,2479.58,1,TRUE,FALSE,FALSE
15615,2,3,47,1,1009.94,1,5,2621.64,1,TRUE,FALSE,FALSE
14132,9,3,51,1,913.28,1,5,1946.58,1,TRUE,FALSE,FALSE
16745,0,3,42,1,1268.28,1,5,1730.05,1,TRUE,FALSE,FALSE
16746,0,3,79,1,920.95,1,5,1229.96,1,TRUE,FALSE,FALSE
13767,2,3,43,1,1308.25,1,5,3342.01,1,TRUE,FALSE,FALSE
15249,0,3,93,1,1819.1,1,5,3150.53,1,TRUE,FALSE,FALSE
15505,7,3,33,1,1446.18,1,5,1346.58,1,TRUE,FALSE,FALSE
16012,9,3,52,1,1132.12,1,5,1415.29,1,TRUE,FALSE,FALSE
15228,4,3,47,1,960.83,1,5,2123.51,1,TRUE,FALSE,FALSE
13850,10,3,93,1,1595.48,1,5,1586.81,1,TRUE,FALSE,FALSE
13186,1,3,56,1,952.14,1,5,1265.74,1,TRUE,FALSE,FALSE
16180,1,3,46,1,2280.3,1,5,2280.3,1,TRUE,FALSE,FALSE
13851,9,3,52,1,1106.96,1,5,2405.14,1,TRUE,FALSE,FALSE
15089,9,3,69,1,1221.56,1,5,1580.61,1,TRUE,FALSE,FALSE
14626,3,3,40,1,984.39,1,5,1595.3,1,TRUE,FALSE,FALSE
16053,3,3,62,1,1124.19,1,5,1511.95,1,TRUE,FALSE,FALSE
17686,1,3,84,1,1552.6,1,5,1552.6,1,TRUE,FALSE,FALSE
13001,39,2,37,1,1271.57,1,4,1271.57,1,FALSE,FALSE,TRUE
15856,32,2,56,1,1036.79,1,4,2871.47,1,FALSE,FALSE,TRUE
13373,39,2,56,1,1067.88,1,4,2324.55,1,FALSE,FALSE,TRUE
13901,39,2,77,1,1561.09,1,4,1561.09,1,FALSE,FALSE,TRUE
14459,36,2,37,1,1837.92,1,4,1837.92,1,FALSE,FALSE,TRUE
17107,35,2,64,1,2215.25,1,4,4078.91,1,FALSE,FALSE,TRUE
13224,32,2,42,1,1212.26,1,4,2150.85,1,FALSE,FALSE,TRUE
16938,61,1,205,2,2133.4,1,4,2133.4,1,FALSE,FALSE,TRUE
15039,9,3,139,2,1823.72,1,6,3278.81,1,TRUE,FALSE,FALSE
13437,10,3,99,2,1803.42,1,6,2374.81,1,TRUE,FALSE,FALSE
15150,9,3,99,2,1414.06,1,6,2067.45,1,TRUE,FALSE,FALSE
14525,0,3,141,2,1421.93,1,6,1421.93,1,TRUE,FALSE,FALSE
15640,2,3,120,2,2438.65,1,6,3437.37,1,TRUE,FALSE,FALSE
13985,1,3,102,2,1704.96,1,6,2750.14,1,TRUE,FALSE,FALSE
14056,2,3,195,2,1400.52,1,6,2402.92,1,TRUE,FALSE,FALSE
12749,1,3,105,2,1770.35,1,6,1770.35,1,TRUE,FALSE,FALSE
13869,4,3,168,2,1519.99,1,6,1519.99,1,TRUE,FALSE,FALSE
16923,33,2,113,2,992.69,1,5,2173.77,1,TRUE,FALSE,FALSE
17589,31,2,110,2,1252.3,1,5,1813.4,1,TRUE,FALSE,FALSE
14367,32,2,96,2,1689.81,1,5,2288.27,1,TRUE,FALSE,FALSE
13081,9,3,7,0,-39.7,0,3,7301.09,2,FALSE,FALSE,TRUE
17857,1,3,1,0,101.76,0,3,5107.28,2,FALSE,FALSE,TRUE
17949,2,3,4,0,2029.58,1,4,5589.5,2,FALSE,FALSE,TRUE
15061,8,3,28,0,1948.9,1,4,4700.02,2,FALSE,FALSE,TRUE
17381,0,3,13,0,2540.5,1,4,5036.86,2,FALSE,FALSE,TRUE
15769,36,2,7,0,2609,1,3,6911,2,FALSE,FALSE,TRUE
13408,1,3,48,1,2609.46,1,5,6011.75,2,TRUE,FALSE,FALSE
17340,1,3,71,1,1790.84,1,5,5684.63,2,TRUE,FALSE,FALSE
17139,3,3,44,1,1256.95,1,5,4605.08,2,TRUE,FALSE,FALSE
15159,37,2,62,1,1161.99,1,4,4401.61,2,FALSE,FALSE,TRUE
17735,8,3,146,2,2818.07,1,6,4814.5,2,TRUE,FALSE,FALSE
12748,5,3,249,2,1072.69,1,6,6825.62,2,TRUE,FALSE,FALSE
12921,9,3,117,2,2571.19,1,6,4539.06,2,TRUE,FALSE,FALSE
16984,10,3,277,2,3226.13,1,6,4471.45,2,TRUE,FALSE,FALSE
13798,4,3,32,0,3823.88,2,5,7974.28,2,TRUE,FALSE,FALSE
16013,0,3,23,0,4299.28,2,5,7885.44,2,TRUE,FALSE,FALSE
16422,1,3,64,1,5625.63,2,6,7718.13,2,TRUE,FALSE,FALSE
13098,8,3,87,1,3816.48,2,6,10925.9,2,TRUE,FALSE,FALSE
13694,3,3,59,1,5069.67,2,6,5045.67,2,TRUE,FALSE,FALSE
14680,2,3,51,1,5956.23,2,6,7182.39,2,TRUE,FALSE,FALSE
14298,4,3,130,2,4284.24,2,7,11171.47,2,TRUE,FALSE,FALSE
13089,4,3,183,2,4434.1,2,7,11257.89,2,TRUE,FALSE,FALSE
17841,1,3,875,3,4072.1,2,8,9758.14,2,TRUE,FALSE,FALSE
